{"IcoMoonType":"selection","icons":[{"icon":{"paths":["M658.286 475.429c0-141.143-114.857-256-256-256s-256 114.857-256 256 114.857 256 256 256 256-114.857 256-256zM950.857 950.857c0 40-33.143 73.143-73.143 73.143-19.429 0-38.286-8-51.429-21.714l-196-195.429c-66.857 46.286-146.857 70.857-228 70.857-222.286 0-402.286-180-402.286-402.286s180-402.286 402.286-402.286 402.286 180 402.286 402.286c0 81.143-24.571 161.143-70.857 228l196 196c13.143 13.143 21.143 32 21.143 51.429z"],"width":950.8571428571428,"attrs":[],"isMulticolor":false,"isMulticolor2":false,"tags":["search"],"defaultCode":61442,"grid":14},"attrs":[],"properties":{"name":"search","id":6,"order":2,"prevSize":28,"code":61442},"setIdx":0,"setId":2,"iconIdx":6},{"icon":{"paths":["M585.143 457.143v36.571c0 9.714-8.571 18.286-18.286 18.286h-128v128c0 9.714-8.571 18.286-18.286 18.286h-36.571c-9.714 0-18.286-8.571-18.286-18.286v-128h-128c-9.714 0-18.286-8.571-18.286-18.286v-36.571c0-9.714 8.571-18.286 18.286-18.286h128v-128c0-9.714 8.571-18.286 18.286-18.286h36.571c9.714 0 18.286 8.571 18.286 18.286v128h128c9.714 0 18.286 8.571 18.286 18.286zM658.286 475.429c0-141.143-114.857-256-256-256s-256 114.857-256 256 114.857 256 256 256 256-114.857 256-256zM950.857 950.857c0 40.571-32.571 73.143-73.143 73.143-19.429 0-38.286-8-51.429-21.714l-196-195.429c-66.857 46.286-146.857 70.857-228 70.857-222.286 0-402.286-180-402.286-402.286s180-402.286 402.286-402.286 402.286 180 402.286 402.286c0 81.143-24.571 161.143-70.857 228l196 196c13.143 13.143 21.143 32 21.143 51.429z"],"width":950.8571428571428,"attrs":[],"isMulticolor":false,"isMulticolor2":false,"tags":["search-plus"],"defaultCode":61454,"grid":14},"attrs":[],"properties":{"name":"search-plus","id":18,"order":3,"prevSize":28,"code":61454},"setIdx":0,"setId":2,"iconIdx":18},{"icon":{"paths":["M585.143 457.143v36.571c0 9.714-8.571 18.286-18.286 18.286h-329.143c-9.714 0-18.286-8.571-18.286-18.286v-36.571c0-9.714 8.571-18.286 18.286-18.286h329.143c9.714 0 18.286 8.571 18.286 18.286zM658.286 475.429c0-141.143-114.857-256-256-256s-256 114.857-256 256 114.857 256 256 256 256-114.857 256-256zM950.857 950.857c0 40.571-32.571 73.143-73.143 73.143-19.429 0-38.286-8-51.429-21.714l-196-195.429c-66.857 46.286-146.857 70.857-228 70.857-222.286 0-402.286-180-402.286-402.286s180-402.286 402.286-402.286 402.286 180 402.286 402.286c0 81.143-24.571 161.143-70.857 228l196 196c13.143 13.143 21.143 32 21.143 51.429z"],"width":950.8571428571428,"attrs":[],"isMulticolor":false,"isMulticolor2":false,"tags":["search-minus"],"defaultCode":61456,"grid":14},"attrs":[],"properties":{"name":"search-minus","id":19,"order":4,"prevSize":28,"code":61456},"setIdx":0,"setId":2,"iconIdx":19},{"icon":{"paths":["M462.286 573.714l152-285.143h-64l-89.714 178.286s-13.714 27.429-25.143 52.571c-10.857-26.286-24-52.571-24-52.571l-88.571-178.286h-68.571l150.286 281.714v185.143h57.714v-181.714zM877.714 237.714v548.571c0 90.857-73.714 164.571-164.571 164.571h-548.571c-90.857 0-164.571-73.714-164.571-164.571v-548.571c0-90.857 73.714-164.571 164.571-164.571h548.571c90.857 0 164.571 73.714 164.571 164.571z"],"width":877.7142857142857,"attrs":[],"isMulticolor":false,"isMulticolor2":false,"tags":["hacker-news","y-combinator-square","yc-square"],"defaultCode":61908,"grid":14},"attrs":[],"properties":{"name":"hacker-news, y-combinator-square, yc-square","id":425,"order":5,"prevSize":28,"code":61908},"setIdx":0,"setId":2,"iconIdx":425},{"icon":{"paths":["M402.286 182.857v438.857c0 20-16.571 36.571-36.571 36.571v0 329.143c0 20-16.571 36.571-36.571 36.571h-292.571c-20 0-36.571-16.571-36.571-36.571v-292.571l142.286-498.857c2.286-8 9.714-13.143 17.714-13.143h242.286zM585.143 182.857v402.286h-146.286v-402.286h146.286zM1024 694.857v292.571c0 20-16.571 36.571-36.571 36.571h-292.571c-20 0-36.571-16.571-36.571-36.571v-329.143c-20 0-36.571-16.571-36.571-36.571v-438.857h242.286c8 0 15.429 5.143 17.714 13.143zM420.571 18.286v128h-201.143v-128c0-10.286 8-18.286 18.286-18.286h164.571c10.286 0 18.286 8 18.286 18.286zM804.571 18.286v128h-201.143v-128c0-10.286 8-18.286 18.286-18.286h164.571c10.286 0 18.286 8 18.286 18.286z"],"width":1024,"attrs":[],"isMulticolor":false,"isMulticolor2":false,"tags":["binoculars"],"defaultCode":61925,"grid":14},"attrs":[],"properties":{"name":"binoculars","id":441,"order":6,"prevSize":28,"code":61925},"setIdx":0,"setId":2,"iconIdx":441}],"height":1024,"metadata":{"name":"icomoon"},"preferences":{"showGlyphs":true,"showQuickUse":true,"showQuickUse2":true,"showSVGs":true,"fontPref":{"prefix":"icon-","metadata":{"fontFamily":"icomoon"},"metrics":{"emSize":1024,"baseline":6.25,"whitespace":50},"embed":false},"imagePref":{"prefix":"icon-","png":true,"useClassSelector":true,"color":0,"bgColor":16777215,"classSelector":".icon"},"historySize":50,"showCodes":true,"gridSize":16}}